1,,
2,,
3,,nikeoff-white training collection
4,,
5,,
6,,
7,nike sboski drop orange label collection,
8,,
9,nikeundercover,
10,nikemmw,
11,,
12,,
13,,
14,,
15,,
16,travis scottjordan brand collection,
17,,
18,nikesacai takes running,
19,,
20,,
21,,
22,nikemmw free tr,nikemmw free tr
23,,
24,,conversetakahiromiyashita thesoloist
25,pattajordan collection,
26,nikeundercover su19 collection,
27,nikesacai ldwaffle,nikesacai blazer mid
28,nikecpfm vapormax,nikecpfm vapormax
29,,
30,,
31,nikeambush®,nikeambush®
32,,
33,,
34,converseasap nast jack purcell,
35,missing linknike,missing linknike
36,,
37,conversegolf,
38,,
39,,
40,,
41,conversejw anderson run,conversejw anderson run
42,converseperks,
43,,
44,,nikecav empt
45,,conversevince staples thunderbolt
46,,nikemartine rose
47,,nikeambush®
48,,
49,,
50,,
51,,
52,,
53,unionair jordan capsule celebrates,unionair jordan
54,nikea–cold–wall,nikea–cold–wall
55,,
56,conversebrain dead collaboration,conversebrain dead
57,,
58,,
59,,
60,,conversejw anderson
61,,
62,,
63,,
64,,
65,,
66,jordan brandcarmelo anthony,jordan brandcarmelo anthony
67,rowlebron,hfrlebron
68,conversesuicidal tendencies collection,
69,conversedr,conversedr
70,,
71,,
72,nike lebron jamesjohn elliott collection,nike lebron jamesjohn elliott icon qs
73,,
74,conversejw anderson chuck,
75,,nikemmw
76,nikeparra,
77,conversemidnight studios chuck,
78,,
79,,
80,,
81,,
82,conversevirgil abloh chuck,
83,,
84,andersonconverse new_classics chuck,
85,,
86,,2acronym® releases
87,,
88,,
89,,
90,,
91,,conversejw anderson
92,,nikert
93,,
94,,
95,conversevince staples chuck,conversevince staples
96,conversedr,conversedr
97,,
98,jordan brandlevi,
99,,conversepatta
100,,
101,,
102,pendletonnike mowabb,acgpendleton mowabb
103,,
104,,
105,,
106,,
107,,
108,,
109,,
110,,
111,,
112,,
113,,
114,,
115,,
116,,
117,,
118,stargolf,
119,,
120,,
121,,
122,,
123,,
124,,
125,,
126,,
127,,
128,,
129,,
130,nikelabundercover sfb jungle dunk,
131,,
132,,
133,,
134,nikelabsacai,
135,nikelabsacai fall/holiday,nikelabsacai fall/holiday
136,,
137,,
138,,
139,,
140,,
141,,
142,nikelabsacai,
143,,
144,,
145,,
146,,
147,,
148,,
149,,
150,,
151,,
152,,
153,,
154,nikelabsacai brings,
155,,
156,,
157,nikelabsacai,
158,,
159,nikeundercover dunk sky hi collection,
160,,
161,nikeroundel,
162,,
163,,
164,,
165,,
166,,
167,nikeliberty collection,
168,,
169,,
170,,
171,,
172,,
173,,
174,,
175,nikeundercover,