,1,Unnamed: 1,Unnamed: 2,niketom sachs poncho
0,2,,,
1,3,,nikeoff-white training collection,nikeoff-white training collection
2,4,,,
3,5,,,conversepigalle chuck
4,6,,,
5,7,nike sboski drop orange label collection,,jordan og spmelody ehsani
6,8,,,jordan branddior
7,9,nikeundercover,,nikeundercover
8,10,nikemmw,,nikemmw joyride cc3 setter
9,11,,,conversegolf
10,12,,,nikeoff-whitevapor streetandreleases november
11,13,,,jordan og spmelody ehsani
12,14,,,
13,15,,,nordstromnike
14,16,travis scottjordan brand collection,,
15,17,,,
16,18,nikesacai takes running,,nikesacai
17,19,,,jordan og spmelody ehsani
18,20,,,nike sbparra collection
19,21,,,
20,22,nikemmw free tr,nikemmw free tr,jordan og spmelody ehsani
21,23,,,nikekoché
22,24,,conversetakahiromiyashita thesoloist,conversetakahiromiyashita thesoloist
23,25,pattajordan collection,,vincent.the pattajordan collection
24,26,nikeundercover su19 collection,,inauguralnikeundercover collection
25,27,nikesacai ldwaffle,nikesacai blazer mid,nikesacai ldwafflenike
26,28,nikecpfm vapormax,nikecpfm vapormax,nikecpfm vapormax
27,29,,,
28,30,,,kochéfeng chen wang
29,31,nikeambush®,nikeambush®,nikeambush®
30,32,,,
31,33,,,nikecpfm
32,34,converseasap nast jack purcell,,conversea
33,35,missing linknike,missing linknike,missing linknike
34,36,,,
35,37,conversegolf,,conversegolf
36,38,,,
37,39,,,nikeheron preston huarache e.d.g.e.
38,40,,,nikemmwcollection
39,41,conversejw anderson run,conversejw anderson run,conversejw anderson run
40,42,converseperks,,conversep.a.m.
41,43,,,
42,44,,nikecav empt,feltwell.the nikecav empt
43,45,,conversevince staples thunderbolt,conversevince staples thunderbolt
44,46,,nikemartine rose,nikemartine rose
45,47,,nikeambush®,nikeambush®
46,48,,,
47,49,,,conceptskyrie
48,50,,,
49,51,,,
50,52,,,
51,53,unionair jordan capsule celebrates,unionair jordan,unionair jordan
52,54,nikea–cold–wall,nikea–cold–wall,nikea–cold–wall
53,55,,,
54,56,conversebrain dead collaboration,conversebrain dead,conversebrain dead
55,57,,,
56,58,,,
57,59,,,
58,60,,conversejw anderson,jordan og spmelody ehsani
59,61,,,
60,62,,,jordan vthejordan brandparis saint-germain
61,63,,,conversejust don erx hi
62,64,,,
63,65,,,
64,66,jordan brandcarmelo anthony,jordan brandcarmelo anthony,jordan brandcarmelo anthony
65,67,rowlebron,hfrlebron,hfrlebron
66,68,conversesuicidal tendencies collection,,conversesuicidal tendencies
67,69,conversedr,conversedr,woo.the conversedr
68,70,,,
69,71,,,nordstromnike
70,72,nike lebron jamesjohn elliott collection,nike lebron jamesjohn elliott icon qs,lebron jamesjohn elliott nitrogen pant
71,73,,,
72,74,conversejw anderson chuck,,conversejw anderson chuck
73,75,,nikemmw,jacketthe nikemmw
74,76,nikeparra,,nikeparra tracksuit
75,77,conversemidnight studios chuck,,conversemidnight studios
76,78,,,levis®air jordan iv
77,79,,,highnikekim jones
78,80,,,
79,81,,,conversemiley cyrus
80,82,conversevirgil abloh chuck,,conversevirgil abloh chuck
81,83,,,jordan og spmelody ehsani
82,84,andersonconverse new_classics chuck,,conversejw anderson
83,85,,,
84,86,,2acronym® releases,vapormaxacronym®
85,87,,,
86,88,,,antiheronike sb
87,89,,,
88,90,,,
89,91,,conversejw anderson,
90,92,,nikert,nikelabrt
91,93,,,
92,94,,,
93,95,conversevince staples chuck,conversevince staples,conversevince staples
94,96,conversedr,conversedr,cappellothe conversedr
95,97,,,
96,98,jordan brandlevi,,
97,99,,conversepatta,pattadeviation
98,100,,,
99,101,,,conversejw anderson
100,102,pendletonnike mowabb,acgpendleton mowabb,acgpendleton mowabb
101,103,,,
102,104,,,inc.virgil abloh
103,105,,,
104,106,,,
105,107,,,
106,108,,,
107,109,,,
108,110,,,
109,111,,,
110,112,,,
111,113,,,
112,114,,,
113,115,,,converse chuck taylorvirgil ablohthe ten
114,116,,,vapormaxvirgil abloh
115,117,,,
116,118,stargolf,,stargolf
117,119,,,
118,120,,,
119,121,,,
120,122,,,
121,123,,,
122,124,,,
123,125,,,
124,126,,,
125,127,,,
126,128,,,
127,129,,,swair jordan
128,130,nikelabundercover sfb jungle dunk,,nikeundercover sfb jungle dunk
129,131,,,
130,132,,,
131,133,,,
132,134,nikelabsacai,,nikelabsacai
133,135,nikelabsacai fall/holiday,nikelabsacai fall/holiday,nikelabsacai
134,136,,,
135,137,,,
136,138,,,
137,139,,,
138,140,,,
139,141,,,
140,142,nikelabsacai,,nikelabsacai
141,143,,,
142,144,,,
143,145,,,
144,146,,,
145,147,,,
146,148,,,
147,149,,,
148,150,,,
149,151,,,
150,152,,,
151,153,,,
152,154,nikelabsacai brings,,nikelabsacai
153,155,,,
154,156,,,
155,157,nikelabsacai,,nikelabsacai
156,158,,,
157,159,nikeundercover dunk sky hi collection,,nikeundercover dunk sky hi
158,160,,,
159,161,nikeroundel,,nikeroundel
160,162,,,
161,163,,,
162,164,,,
163,165,,,
164,166,,,
165,167,nikeliberty collection,,
166,168,,,
167,169,,,
168,170,,,
169,171,,,
170,172,,,
171,173,,,
172,174,,,
173,175,nikeundercover,,takahasi.the nikeundercover gyakusou holiday
